{"v":"5.7.4","fr":60,"ip":0,"op":240,"w":500,"h":500,"nm":"Chart_14","ddd":0,"assets":[],"layers":[{"ddd":0,"ind":1,"ty":3,"nm":"G_contr","sr":1,"ks":{"o":{"a":0,"k":0,"ix":11},"r":{"a":0,"k":0,"ix":10},"p":{"a":1,"k":[{"i":{"x":0.833,"y":0.833},"o":{"x":0.333,"y":0},"t":70,"s":[315,262.875,0],"to":[0,-23.333,0],"ti":[0,23.333,0]},{"i":{"x":0.833,"y":0.833},"o":{"x":0.167,"y":0.167},"t":90,"s":[315,122.875,0],"to":[0,0,0],"ti":[0,0,0]},{"i":{"x":0.667,"y":1},"o":{"x":0.167,"y":0.167},"t":163,"s":[315,122.875,0],"to":[0,23.333,0],"ti":[0,-23.333,0]},{"t":183,"s":[315,262.875,0]}],"ix":2,"x":"var $bm_rt;\nvar amp, freq, decay, n, n, t, t, v;\ntry {\n    amp = $bm_div(effect('Elastic: Position')(1), 200);\n    freq = $bm_div(effect('Elastic: Position')(2), 30);\n    decay = $bm_div(effect('Elastic: Position')(3), 10);\n    $bm_rt = n = 0;\n    if (numKeys > 0) {\n        $bm_rt = n = nearestKey(time).index;\n        if (key(n).time > time) {\n            n--;\n        }\n    }\n    if (n == 0) {\n        $bm_rt = t = 0;\n    } else {\n        $bm_rt = t = $bm_sub(time, key(n).time);\n    }\n    if (n > 0) {\n        v = velocityAtTime($bm_sub(key(n).time, $bm_div(thisComp.frameDuration, 10)));\n        $bm_rt = $bm_sum(value, $bm_div($bm_mul($bm_mul(v, amp), Math.sin($bm_mul($bm_mul($bm_mul(freq, t), 2), Math.PI))), Math.exp($bm_mul(decay, t))));\n    } else {\n        $bm_rt = value;\n    }\n} catch (e$$4) {\n    $bm_rt = value = value;\n}","l":2},"a":{"a":0,"k":[50,50,0],"ix":1,"l":2},"s":{"a":0,"k":[50,50,100],"ix":6,"l":2}},"ao":0,"ef":[{"ty":5,"nm":"Elastic: Position","np":5,"mn":"Pseudo/MDS Elastic Controller","ix":1,"en":1,"ef":[{"ty":0,"nm":"Amplitude","mn":"Pseudo/MDS Elastic Controller-0001","ix":1,"v":{"a":0,"k":20,"ix":1}},{"ty":0,"nm":"Frequency","mn":"Pseudo/MDS Elastic Controller-0002","ix":2,"v":{"a":0,"k":40,"ix":2}},{"ty":0,"nm":"Decay","mn":"Pseudo/MDS Elastic Controller-0003","ix":3,"v":{"a":0,"k":60,"ix":3}}]}],"ip":0,"op":240,"st":0,"bm":0},{"ddd":0,"ind":2,"ty":3,"nm":"B_contr","sr":1,"ks":{"o":{"a":0,"k":0,"ix":11},"r":{"a":0,"k":0,"ix":10},"p":{"a":1,"k":[{"i":{"x":0.833,"y":0.833},"o":{"x":0.333,"y":0},"t":50,"s":[250,301,0],"to":[0,-20.167,0],"ti":[0,20.167,0]},{"i":{"x":0.833,"y":0.833},"o":{"x":0.167,"y":0.167},"t":65,"s":[250,180,0],"to":[0,0,0],"ti":[0,0,0]},{"i":{"x":0.667,"y":1},"o":{"x":0.167,"y":0.167},"t":177,"s":[250,180,0],"to":[0,20.167,0],"ti":[0,-20.167,0]},{"t":192,"s":[250,301,0]}],"ix":2,"x":"var $bm_rt;\nvar amp, freq, decay, n, n, t, t, v;\ntry {\n    amp = $bm_div(effect('Elastic: Position')(1), 200);\n    freq = $bm_div(effect('Elastic: Position')(2), 30);\n    decay = $bm_div(effect('Elastic: Position')(3), 10);\n    $bm_rt = n = 0;\n    if (numKeys > 0) {\n        $bm_rt = n = nearestKey(time).index;\n        if (key(n).time > time) {\n            n--;\n        }\n    }\n    if (n == 0) {\n        $bm_rt = t = 0;\n    } else {\n        $bm_rt = t = $bm_sub(time, key(n).time);\n    }\n    if (n > 0) {\n        v = velocityAtTime($bm_sub(key(n).time, $bm_div(thisComp.frameDuration, 10)));\n        $bm_rt = $bm_sum(value, $bm_div($bm_mul($bm_mul(v, amp), Math.sin($bm_mul($bm_mul($bm_mul(freq, t), 2), Math.PI))), Math.exp($bm_mul(decay, t))));\n    } else {\n        $bm_rt = value;\n    }\n} catch (e$$4) {\n    $bm_rt = value = value;\n}","l":2},"a":{"a":0,"k":[50,50,0],"ix":1,"l":2},"s":{"a":0,"k":[50,50,100],"ix":6,"l":2}},"ao":0,"ef":[{"ty":5,"nm":"Elastic: Position","np":5,"mn":"Pseudo/MDS Elastic Controller","ix":1,"en":1,"ef":[{"ty":0,"nm":"Amplitude","mn":"Pseudo/MDS Elastic Controller-0001","ix":1,"v":{"a":0,"k":20,"ix":1}},{"ty":0,"nm":"Frequency","mn":"Pseudo/MDS Elastic Controller-0002","ix":2,"v":{"a":0,"k":40,"ix":2}},{"ty":0,"nm":"Decay","mn":"Pseudo/MDS Elastic Controller-0003","ix":3,"v":{"a":0,"k":60,"ix":3}}]}],"ip":0,"op":240,"st":0,"bm":0},{"ddd":0,"ind":3,"ty":3,"nm":"R_contr","sr":1,"ks":{"o":{"a":0,"k":0,"ix":11},"r":{"a":0,"k":0,"ix":10},"p":{"a":1,"k":[{"i":{"x":0.833,"y":0.833},"o":{"x":0.333,"y":0},"t":25,"s":[185,339,0],"to":[0,-16.667,0],"ti":[0,16.667,0]},{"i":{"x":0.833,"y":0.833},"o":{"x":0.167,"y":0.167},"t":39,"s":[185,239,0],"to":[0,0,0],"ti":[0,0,0]},{"i":{"x":0.667,"y":1},"o":{"x":0.167,"y":0.167},"t":192,"s":[185,239,0],"to":[0,16.667,0],"ti":[0,-16.667,0]},{"t":205,"s":[185,339,0]}],"ix":2,"x":"var $bm_rt;\nvar amp, freq, decay, n, n, t, t, v;\ntry {\n    amp = $bm_div(effect('Elastic: Position')(1), 200);\n    freq = $bm_div(effect('Elastic: Position')(2), 30);\n    decay = $bm_div(effect('Elastic: Position')(3), 10);\n    $bm_rt = n = 0;\n    if (numKeys > 0) {\n        $bm_rt = n = nearestKey(time).index;\n        if (key(n).time > time) {\n            n--;\n        }\n    }\n    if (n == 0) {\n        $bm_rt = t = 0;\n    } else {\n        $bm_rt = t = $bm_sub(time, key(n).time);\n    }\n    if (n > 0) {\n        v = velocityAtTime($bm_sub(key(n).time, $bm_div(thisComp.frameDuration, 10)));\n        $bm_rt = $bm_sum(value, $bm_div($bm_mul($bm_mul(v, amp), Math.sin($bm_mul($bm_mul($bm_mul(freq, t), 2), Math.PI))), Math.exp($bm_mul(decay, t))));\n    } else {\n        $bm_rt = value;\n    }\n} catch (e$$4) {\n    $bm_rt = value = value;\n}","l":2},"a":{"a":0,"k":[50,50,0],"ix":1,"l":2},"s":{"a":0,"k":[50,50,100],"ix":6,"l":2}},"ao":0,"ef":[{"ty":5,"nm":"Elastic: Position","np":5,"mn":"Pseudo/MDS Elastic Controller","ix":1,"en":1,"ef":[{"ty":0,"nm":"Amplitude","mn":"Pseudo/MDS Elastic Controller-0001","ix":1,"v":{"a":0,"k":20,"ix":1}},{"ty":0,"nm":"Frequency","mn":"Pseudo/MDS Elastic Controller-0002","ix":2,"v":{"a":0,"k":40,"ix":2}},{"ty":0,"nm":"Decay","mn":"Pseudo/MDS Elastic Controller-0003","ix":3,"v":{"a":0,"k":60,"ix":3}}]}],"ip":0,"op":240,"st":0,"bm":0},{"ddd":0,"ind":4,"ty":4,"nm":"R_04","sr":1,"ks":{"o":{"a":0,"k":100,"ix":11},"r":{"a":0,"k":0,"ix":10},"p":{"a":0,"k":[152.5,358,0],"ix":2,"l":2},"a":{"a":0,"k":[0,0,0],"ix":1,"l":2},"s":{"a":0,"k":[100,100,100],"ix":6,"l":2}},"ao":0,"ef":[{"ty":5,"nm":"R_04: Path 1 [1.1.0]","np":3,"mn":"ADBE Layer Control","ix":1,"en":1,"ef":[{"ty":10,"nm":"Layer","mn":"ADBE Layer Control-0001","ix":1,"v":{"a":0,"k":4,"ix":1}}]},{"ty":5,"nm":"R_04: Path 1 [1.1.1]","np":3,"mn":"ADBE Layer Control","ix":2,"en":1,"ef":[{"ty":10,"nm":"Layer","mn":"ADBE Layer Control-0001","ix":1,"v":{"a":0,"k":4,"ix":1}}]},{"ty":5,"nm":"R_04: Path 1 [1.1.2]","np":3,"mn":"ADBE Layer Control","ix":3,"en":1,"ef":[{"ty":10,"nm":"Layer","mn":"ADBE Layer Control-0001","ix":1,"v":{"a":0,"k":30,"ix":1}}]}],"shapes":[{"ty":"gr","it":[{"ind":0,"ty":"sh","ix":1,"ks":{"a":0,"k":{"i":[[0,0],[0,0],[0,0]],"o":[[0,0],[0,0],[0,0]],"v":[[-32.5,-19],[32.5,19],[32.5,-19]],"c":true},"ix":2,"x":"var $bm_rt;\nvar nullLayerNames = [\n        'R_04: Path 1 [1.1.0]',\n        'R_04: Path 1 [1.1.1]',\n        'R_04: Path 1 [1.1.2]'\n    ];\nvar origPath = thisProperty;\nvar origPoints = origPath.points();\nvar origInTang = origPath.inTangents();\nvar origOutTang = origPath.outTangents();\nvar getNullLayers = [];\nfor (var i = 0, il = nullLayerNames.length; i < il; i++) {\n    try {\n        getNullLayers.push(effect(nullLayerNames[i])('ADBE Layer Control-0001'));\n    } catch (err) {\n        getNullLayers.push(null);\n    }\n}\nfor (var i = 0, il = getNullLayers.length; i < il; i++) {\n    if (getNullLayers[i] != null && getNullLayers[i].index != thisLayer.index) {\n        origPoints[i] = fromCompToSurface(getNullLayers[i].toComp(getNullLayers[i].anchorPoint));\n    }\n}\n$bm_rt = createPath(origPoints, origInTang, origOutTang, origPath.isClosed());"},"nm":"Path 1","mn":"ADBE Vector Shape - Group","hd":false},{"ty":"fl","c":{"a":1,"k":[{"i":{"x":[0.833],"y":[0.833]},"o":{"x":[0.167],"y":[0.167]},"t":29,"s":[0.996078431606,0.568627476692,0.560784339905,1]},{"i":{"x":[0.833],"y":[0.833]},"o":{"x":[0.167],"y":[0.167]},"t":39,"s":[0.941176474094,0.403921574354,0.392156869173,1]},{"i":{"x":[0.833],"y":[0.833]},"o":{"x":[0.167],"y":[0.167]},"t":201,"s":[0.941176474094,0.403921574354,0.392156869173,1]},{"t":211,"s":[0.996078431606,0.568627476692,0.560784339905,1]}],"ix":4},"o":{"a":0,"k":100,"ix":5},"r":1,"bm":0,"nm":"Fill 1","mn":"ADBE Vector Graphic - Fill","hd":false},{"ty":"tr","p":{"a":0,"k":[0,0],"ix":2},"a":{"a":0,"k":[0,0],"ix":1},"s":{"a":0,"k":[100,100],"ix":3},"r":{"a":0,"k":0,"ix":6},"o":{"a":0,"k":100,"ix":7},"sk":{"a":0,"k":0,"ix":4},"sa":{"a":0,"k":0,"ix":5},"nm":"Transform"}],"nm":"Group 1","np":2,"cix":2,"bm":0,"ix":1,"mn":"ADBE Vector Group","hd":false}],"ip":20,"op":212,"st":9,"bm":0},{"ddd":0,"ind":5,"ty":4,"nm":"R_03","sr":1,"ks":{"o":{"a":0,"k":100,"ix":11},"r":{"a":0,"k":0,"ix":10},"p":{"a":0,"k":[217.5,358,0],"ix":2,"l":2},"a":{"a":0,"k":[0,0,0],"ix":1,"l":2},"s":{"a":0,"k":[100,100,100],"ix":6,"l":2}},"ao":0,"ef":[{"ty":5,"nm":"R_03: Path 1 [1.1.0]","np":3,"mn":"ADBE Layer Control","ix":1,"en":1,"ef":[{"ty":10,"nm":"Layer","mn":"ADBE Layer Control-0001","ix":1,"v":{"a":0,"k":5,"ix":1}}]},{"ty":5,"nm":"R_03: Path 1 [1.1.1]","np":3,"mn":"ADBE Layer Control","ix":2,"en":1,"ef":[{"ty":10,"nm":"Layer","mn":"ADBE Layer Control-0001","ix":1,"v":{"a":0,"k":5,"ix":1}}]},{"ty":5,"nm":"R_03: Path 1 [1.1.2]","np":3,"mn":"ADBE Layer Control","ix":3,"en":1,"ef":[{"ty":10,"nm":"Layer","mn":"ADBE Layer Control-0001","ix":1,"v":{"a":0,"k":29,"ix":1}}]}],"shapes":[{"ty":"gr","it":[{"ind":0,"ty":"sh","ix":1,"ks":{"a":0,"k":{"i":[[0,0],[0,0],[0,0]],"o":[[0,0],[0,0],[0,0]],"v":[[32.5,-19],[-32.5,19],[-32.5,-19]],"c":true},"ix":2,"x":"var $bm_rt;\nvar nullLayerNames = [\n        'R_03: Path 1 [1.1.0]',\n        'R_03: Path 1 [1.1.1]',\n        'R_03: Path 1 [1.1.2]'\n    ];\nvar origPath = thisProperty;\nvar origPoints = origPath.points();\nvar origInTang = origPath.inTangents();\nvar origOutTang = origPath.outTangents();\nvar getNullLayers = [];\nfor (var i = 0, il = nullLayerNames.length; i < il; i++) {\n    try {\n        getNullLayers.push(effect(nullLayerNames[i])('ADBE Layer Control-0001'));\n    } catch (err) {\n        getNullLayers.push(null);\n    }\n}\nfor (var i = 0, il = getNullLayers.length; i < il; i++) {\n    if (getNullLayers[i] != null && getNullLayers[i].index != thisLayer.index) {\n        origPoints[i] = fromCompToSurface(getNullLayers[i].toComp(getNullLayers[i].anchorPoint));\n    }\n}\n$bm_rt = createPath(origPoints, origInTang, origOutTang, origPath.isClosed());"},"nm":"Path 1","mn":"ADBE Vector Shape - Group","hd":false},{"ty":"fl","c":{"a":0,"k":[0.996078431606,0.568627476692,0.560784339905,1],"ix":4},"o":{"a":0,"k":100,"ix":5},"r":1,"bm":0,"nm":"Fill 1","mn":"ADBE Vector Graphic - Fill","hd":false},{"ty":"tr","p":{"a":0,"k":[0,0],"ix":2},"a":{"a":0,"k":[0,0],"ix":1},"s":{"a":0,"k":[100,100],"ix":3},"r":{"a":0,"k":0,"ix":6},"o":{"a":0,"k":100,"ix":7},"sk":{"a":0,"k":0,"ix":4},"sa":{"a":0,"k":0,"ix":5},"nm":"Transform"}],"nm":"Group 1","np":2,"cix":2,"bm":0,"ix":1,"mn":"ADBE Vector Group","hd":false}],"ip":20,"op":212,"st":9,"bm":0},{"ddd":0,"ind":6,"ty":4,"nm":"R_01","sr":1,"ks":{"o":{"a":0,"k":100,"ix":11},"r":{"a":0,"k":0,"ix":10},"p":{"a":0,"k":[217.5,320,0],"ix":2,"l":2},"a":{"a":0,"k":[0,0,0],"ix":1,"l":2},"s":{"a":0,"k":[100,100,100],"ix":6,"l":2}},"ao":0,"ef":[{"ty":5,"nm":"R_01: Path 1 [1.1.0]","np":3,"mn":"ADBE Layer Control","ix":1,"en":1,"ef":[{"ty":10,"nm":"Layer","mn":"ADBE Layer Control-0001","ix":1,"v":{"a":0,"k":6,"ix":1}}]},{"ty":5,"nm":"R_01: Path 1 [1.1.1]","np":3,"mn":"ADBE Layer Control","ix":2,"en":1,"ef":[{"ty":10,"nm":"Layer","mn":"ADBE Layer Control-0001","ix":1,"v":{"a":0,"k":6,"ix":1}}]},{"ty":5,"nm":"R_01: Path 1 [1.1.2]","np":3,"mn":"ADBE Layer Control","ix":3,"en":1,"ef":[{"ty":10,"nm":"Layer","mn":"ADBE Layer Control-0001","ix":1,"v":{"a":0,"k":27,"ix":1}}]}],"shapes":[{"ty":"gr","it":[{"ind":0,"ty":"sh","ix":1,"ks":{"a":0,"k":{"i":[[0,0],[0,0],[0,0]],"o":[[0,0],[0,0],[0,0]],"v":[[32.5,19],[-32.5,-19],[-32.5,19]],"c":true},"ix":2,"x":"var $bm_rt;\nvar nullLayerNames = [\n        'R_01: Path 1 [1.1.0]',\n        'R_01: Path 1 [1.1.1]',\n        'R_01: Path 1 [1.1.2]'\n    ];\nvar origPath = thisProperty;\nvar origPoints = origPath.points();\nvar origInTang = origPath.inTangents();\nvar origOutTang = origPath.outTangents();\nvar getNullLayers = [];\nfor (var i = 0, il = nullLayerNames.length; i < il; i++) {\n    try {\n        getNullLayers.push(effect(nullLayerNames[i])('ADBE Layer Control-0001'));\n    } catch (err) {\n        getNullLayers.push(null);\n    }\n}\nfor (var i = 0, il = getNullLayers.length; i < il; i++) {\n    if (getNullLayers[i] != null && getNullLayers[i].index != thisLayer.index) {\n        origPoints[i] = fromCompToSurface(getNullLayers[i].toComp(getNullLayers[i].anchorPoint));\n    }\n}\n$bm_rt = createPath(origPoints, origInTang, origOutTang, origPath.isClosed());"},"nm":"Path 1","mn":"ADBE Vector Shape - Group","hd":false},{"ty":"fl","c":{"a":1,"k":[{"i":{"x":[0.833],"y":[0.833]},"o":{"x":[0.167],"y":[0.167]},"t":29,"s":[0.996078431606,0.568627476692,0.560784339905,1]},{"i":{"x":[0.833],"y":[0.833]},"o":{"x":[0.167],"y":[0.167]},"t":39,"s":[0.941176474094,0.403921574354,0.392156869173,1]},{"i":{"x":[0.833],"y":[0.833]},"o":{"x":[0.167],"y":[0.167]},"t":201,"s":[0.941176474094,0.403921574354,0.392156869173,1]},{"t":211,"s":[0.996078431606,0.568627476692,0.560784339905,1]}],"ix":4},"o":{"a":0,"k":100,"ix":5},"r":1,"bm":0,"nm":"Fill 1","mn":"ADBE Vector Graphic - Fill","hd":false},{"ty":"tr","p":{"a":0,"k":[0,0],"ix":2},"a":{"a":0,"k":[0,0],"ix":1},"s":{"a":0,"k":[100,100],"ix":3},"r":{"a":0,"k":0,"ix":6},"o":{"a":0,"k":100,"ix":7},"sk":{"a":0,"k":0,"ix":4},"sa":{"a":0,"k":0,"ix":5},"nm":"Transform"}],"nm":"Group 1","np":2,"cix":2,"bm":0,"ix":1,"mn":"ADBE Vector Group","hd":false}],"ip":20,"op":212,"st":9,"bm":0},{"ddd":0,"ind":7,"ty":4,"nm":"R_02","sr":1,"ks":{"o":{"a":0,"k":100,"ix":11},"r":{"a":0,"k":0,"ix":10},"p":{"a":0,"k":[152.5,320,0],"ix":2,"l":2},"a":{"a":0,"k":[0,0,0],"ix":1,"l":2},"s":{"a":0,"k":[100,100,100],"ix":6,"l":2}},"ao":0,"ef":[{"ty":5,"nm":"R_02: Path 1 [1.1.0]","np":3,"mn":"ADBE Layer Control","ix":1,"en":1,"ef":[{"ty":10,"nm":"Layer","mn":"ADBE Layer Control-0001","ix":1,"v":{"a":0,"k":7,"ix":1}}]},{"ty":5,"nm":"R_02: Path 1 [1.1.1]","np":3,"mn":"ADBE Layer Control","ix":2,"en":1,"ef":[{"ty":10,"nm":"Layer","mn":"ADBE Layer Control-0001","ix":1,"v":{"a":0,"k":7,"ix":1}}]},{"ty":5,"nm":"R_02: Path 1 [1.1.2]","np":3,"mn":"ADBE Layer Control","ix":3,"en":1,"ef":[{"ty":10,"nm":"Layer","mn":"ADBE Layer Control-0001","ix":1,"v":{"a":0,"k":28,"ix":1}}]}],"shapes":[{"ty":"gr","it":[{"ind":0,"ty":"sh","ix":1,"ks":{"a":0,"k":{"i":[[0,0],[0,0],[0,0]],"o":[[0,0],[0,0],[0,0]],"v":[[-32.5,19],[32.5,-19],[32.5,19]],"c":true},"ix":2,"x":"var $bm_rt;\nvar nullLayerNames = [\n        'R_02: Path 1 [1.1.0]',\n        'R_02: Path 1 [1.1.1]',\n        'R_02: Path 1 [1.1.2]'\n    ];\nvar origPath = thisProperty;\nvar origPoints = origPath.points();\nvar origInTang = origPath.inTangents();\nvar origOutTang = origPath.outTangents();\nvar getNullLayers = [];\nfor (var i = 0, il = nullLayerNames.length; i < il; i++) {\n    try {\n        getNullLayers.push(effect(nullLayerNames[i])('ADBE Layer Control-0001'));\n    } catch (err) {\n        getNullLayers.push(null);\n    }\n}\nfor (var i = 0, il = getNullLayers.length; i < il; i++) {\n    if (getNullLayers[i] != null && getNullLayers[i].index != thisLayer.index) {\n        origPoints[i] = fromCompToSurface(getNullLayers[i].toComp(getNullLayers[i].anchorPoint));\n    }\n}\n$bm_rt = createPath(origPoints, origInTang, origOutTang, origPath.isClosed());"},"nm":"Path 1","mn":"ADBE Vector Shape - Group","hd":false},{"ty":"fl","c":{"a":0,"k":[0.996078431606,0.568627476692,0.560784339905,1],"ix":4},"o":{"a":0,"k":100,"ix":5},"r":1,"bm":0,"nm":"Fill 1","mn":"ADBE Vector Graphic - Fill","hd":false},{"ty":"tr","p":{"a":0,"k":[0,0],"ix":2},"a":{"a":0,"k":[0,0],"ix":1},"s":{"a":0,"k":[100,100],"ix":3},"r":{"a":0,"k":0,"ix":6},"o":{"a":0,"k":100,"ix":7},"sk":{"a":0,"k":0,"ix":4},"sa":{"a":0,"k":0,"ix":5},"nm":"Transform"}],"nm":"Group 1","np":2,"cix":2,"bm":0,"ix":1,"mn":"ADBE Vector Group","hd":false}],"ip":20,"op":212,"st":9,"bm":0},{"ddd":0,"ind":8,"ty":4,"nm":"R_bot","sr":1,"ks":{"o":{"a":0,"k":100,"ix":11},"r":{"a":0,"k":0,"ix":10},"p":{"a":0,"k":[185,339,0],"ix":2,"l":2},"a":{"a":0,"k":[0,0,0],"ix":1,"l":2},"s":{"a":1,"k":[{"i":{"x":[0.199,0.199,0.667],"y":[1,1,1]},"o":{"x":[0.137,0.137,0.333],"y":[0,0,0]},"t":0,"s":[0,0,100]},{"i":{"x":[0.667,0.667,0.667],"y":[1,1,1]},"o":{"x":[0.312,0.312,0.333],"y":[0,0,0]},"t":20,"s":[100,100,100]},{"i":{"x":[0.199,0.199,0.667],"y":[1,1,1]},"o":{"x":[0.137,0.137,0.333],"y":[0,0,0]},"t":212,"s":[100,100,100]},{"t":232,"s":[0,0,100]}],"ix":6,"l":2}},"ao":0,"shapes":[{"ty":"gr","it":[{"ind":0,"ty":"sh","ix":1,"ks":{"a":0,"k":{"i":[[0,0],[0,0],[0,0],[0,0]],"o":[[0,0],[0,0],[0,0],[0,0]],"v":[[65,0],[0,38],[-65,0],[0,-38]],"c":true},"ix":2},"nm":"Path 1","mn":"ADBE Vector Shape - Group","hd":false},{"ty":"fl","c":{"a":0,"k":[0.996078431606,0.568627476692,0.560784339905,1],"ix":4},"o":{"a":0,"k":100,"ix":5},"r":1,"bm":0,"nm":"Fill 1","mn":"ADBE Vector Graphic - Fill","hd":false},{"ty":"tr","p":{"a":0,"k":[0,0],"ix":2},"a":{"a":0,"k":[0,0],"ix":1},"s":{"a":0,"k":[100,100],"ix":3},"r":{"a":0,"k":0,"ix":6},"o":{"a":0,"k":100,"ix":7},"sk":{"a":0,"k":0,"ix":4},"sa":{"a":0,"k":0,"ix":5},"nm":"Transform"}],"nm":"Group 1","np":2,"cix":2,"bm":0,"ix":1,"mn":"ADBE Vector Group","hd":false}],"ip":0,"op":240,"st":0,"bm":0},{"ddd":0,"ind":9,"ty":4,"nm":"B_4","sr":1,"ks":{"o":{"a":0,"k":100,"ix":11},"r":{"a":0,"k":0,"ix":10},"p":{"a":0,"k":[217.5,320,0],"ix":2,"l":2},"a":{"a":0,"k":[0,0,0],"ix":1,"l":2},"s":{"a":0,"k":[100,100,100],"ix":6,"l":2}},"ao":0,"ef":[{"ty":5,"nm":"B_4: Path 1 [1.1.0]","np":3,"mn":"ADBE Layer Control","ix":1,"en":1,"ef":[{"ty":10,"nm":"Layer","mn":"ADBE Layer Control-0001","ix":1,"v":{"a":0,"k":9,"ix":1}}]},{"ty":5,"nm":"B_4: Path 1 [1.1.1]","np":3,"mn":"ADBE Layer Control","ix":2,"en":1,"ef":[{"ty":10,"nm":"Layer","mn":"ADBE Layer Control-0001","ix":1,"v":{"a":0,"k":9,"ix":1}}]},{"ty":5,"nm":"B_4: Path 1 [1.1.2]","np":3,"mn":"ADBE Layer Control","ix":3,"en":1,"ef":[{"ty":10,"nm":"Layer","mn":"ADBE Layer Control-0001","ix":1,"v":{"a":0,"k":26,"ix":1}}]}],"shapes":[{"ty":"gr","it":[{"ind":0,"ty":"sh","ix":1,"ks":{"a":0,"k":{"i":[[0,0],[0,0],[0,0]],"o":[[0,0],[0,0],[0,0]],"v":[[-32.5,-19],[32.5,19],[32.5,-19]],"c":true},"ix":2,"x":"var $bm_rt;\nvar nullLayerNames = [\n        'B_4: Path 1 [1.1.0]',\n        'B_4: Path 1 [1.1.1]',\n        'B_4: Path 1 [1.1.2]'\n    ];\nvar origPath = thisProperty;\nvar origPoints = origPath.points();\nvar origInTang = origPath.inTangents();\nvar origOutTang = origPath.outTangents();\nvar getNullLayers = [];\nfor (var i = 0, il = nullLayerNames.length; i < il; i++) {\n    try {\n        getNullLayers.push(effect(nullLayerNames[i])('ADBE Layer Control-0001'));\n    } catch (err) {\n        getNullLayers.push(null);\n    }\n}\nfor (var i = 0, il = getNullLayers.length; i < il; i++) {\n    if (getNullLayers[i] != null && getNullLayers[i].index != thisLayer.index) {\n        origPoints[i] = fromCompToSurface(getNullLayers[i].toComp(getNullLayers[i].anchorPoint));\n    }\n}\n$bm_rt = createPath(origPoints, origInTang, origOutTang, origPath.isClosed());"},"nm":"Path 1","mn":"ADBE Vector Shape - Group","hd":false},{"ty":"fl","c":{"a":1,"k":[{"i":{"x":[0.833],"y":[0.833]},"o":{"x":[0.167],"y":[0.167]},"t":50,"s":[0.364705890417,0.411764711142,0.827450990677,1]},{"i":{"x":[0.833],"y":[0.833]},"o":{"x":[0.167],"y":[0.167]},"t":65,"s":[0.286274522543,0.321568638086,0.643137276173,1]},{"i":{"x":[0.833],"y":[0.833]},"o":{"x":[0.167],"y":[0.167]},"t":177,"s":[0.286274522543,0.321568638086,0.643137276173,1]},{"t":192,"s":[0.364705890417,0.411764711142,0.827450990677,1]}],"ix":4},"o":{"a":0,"k":100,"ix":5},"r":1,"bm":0,"nm":"Fill 1","mn":"ADBE Vector Graphic - Fill","hd":false},{"ty":"tr","p":{"a":0,"k":[0,0],"ix":2},"a":{"a":0,"k":[0,0],"ix":1},"s":{"a":0,"k":[100,100],"ix":3},"r":{"a":0,"k":0,"ix":6},"o":{"a":0,"k":100,"ix":7},"sk":{"a":0,"k":0,"ix":4},"sa":{"a":0,"k":0,"ix":5},"nm":"Transform"}],"nm":"Group 1","np":2,"cix":2,"bm":0,"ix":1,"mn":"ADBE Vector Group","hd":false}],"ip":30,"op":202,"st":0,"bm":0},{"ddd":0,"ind":10,"ty":4,"nm":"B_3","sr":1,"ks":{"o":{"a":0,"k":100,"ix":11},"r":{"a":0,"k":0,"ix":10},"p":{"a":0,"k":[282.5,320,0],"ix":2,"l":2},"a":{"a":0,"k":[0,0,0],"ix":1,"l":2},"s":{"a":0,"k":[100,100,100],"ix":6,"l":2}},"ao":0,"ef":[{"ty":5,"nm":"B_3: Path 1 [1.1.0]","np":3,"mn":"ADBE Layer Control","ix":1,"en":1,"ef":[{"ty":10,"nm":"Layer","mn":"ADBE Layer Control-0001","ix":1,"v":{"a":0,"k":10,"ix":1}}]},{"ty":5,"nm":"B_3: Path 1 [1.1.1]","np":3,"mn":"ADBE Layer Control","ix":2,"en":1,"ef":[{"ty":10,"nm":"Layer","mn":"ADBE Layer Control-0001","ix":1,"v":{"a":0,"k":10,"ix":1}}]},{"ty":5,"nm":"B_3: Path 1 [1.1.2]","np":3,"mn":"ADBE Layer Control","ix":3,"en":1,"ef":[{"ty":10,"nm":"Layer","mn":"ADBE Layer Control-0001","ix":1,"v":{"a":0,"k":25,"ix":1}}]}],"shapes":[{"ty":"gr","it":[{"ind":0,"ty":"sh","ix":1,"ks":{"a":0,"k":{"i":[[0,0],[0,0],[0,0]],"o":[[0,0],[0,0],[0,0]],"v":[[32.5,-19],[-32.5,19],[-32.5,-19]],"c":true},"ix":2,"x":"var $bm_rt;\nvar nullLayerNames = [\n        'B_3: Path 1 [1.1.0]',\n        'B_3: Path 1 [1.1.1]',\n        'B_3: Path 1 [1.1.2]'\n    ];\nvar origPath = thisProperty;\nvar origPoints = origPath.points();\nvar origInTang = origPath.inTangents();\nvar origOutTang = origPath.outTangents();\nvar getNullLayers = [];\nfor (var i = 0, il = nullLayerNames.length; i < il; i++) {\n    try {\n        getNullLayers.push(effect(nullLayerNames[i])('ADBE Layer Control-0001'));\n    } catch (err) {\n        getNullLayers.push(null);\n    }\n}\nfor (var i = 0, il = getNullLayers.length; i < il; i++) {\n    if (getNullLayers[i] != null && getNullLayers[i].index != thisLayer.index) {\n        origPoints[i] = fromCompToSurface(getNullLayers[i].toComp(getNullLayers[i].anchorPoint));\n    }\n}\n$bm_rt = createPath(origPoints, origInTang, origOutTang, origPath.isClosed());"},"nm":"Path 1","mn":"ADBE Vector Shape - Group","hd":false},{"ty":"fl","c":{"a":0,"k":[0.364705890417,0.411764711142,0.827450990677,1],"ix":4},"o":{"a":0,"k":100,"ix":5},"r":1,"bm":0,"nm":"Fill 1","mn":"ADBE Vector Graphic - Fill","hd":false},{"ty":"tr","p":{"a":0,"k":[0,0],"ix":2},"a":{"a":0,"k":[0,0],"ix":1},"s":{"a":0,"k":[100,100],"ix":3},"r":{"a":0,"k":0,"ix":6},"o":{"a":0,"k":100,"ix":7},"sk":{"a":0,"k":0,"ix":4},"sa":{"a":0,"k":0,"ix":5},"nm":"Transform"}],"nm":"Group 1","np":2,"cix":2,"bm":0,"ix":1,"mn":"ADBE Vector Group","hd":false}],"ip":30,"op":202,"st":0,"bm":0},{"ddd":0,"ind":11,"ty":4,"nm":"B_1","sr":1,"ks":{"o":{"a":0,"k":100,"ix":11},"r":{"a":0,"k":0,"ix":10},"p":{"a":0,"k":[282.5,282,0],"ix":2,"l":2},"a":{"a":0,"k":[0,0,0],"ix":1,"l":2},"s":{"a":0,"k":[100,100,100],"ix":6,"l":2}},"ao":0,"ef":[{"ty":5,"nm":"B_1: Path 1 [1.1.0]","np":3,"mn":"ADBE Layer Control","ix":1,"en":1,"ef":[{"ty":10,"nm":"Layer","mn":"ADBE Layer Control-0001","ix":1,"v":{"a":0,"k":11,"ix":1}}]},{"ty":5,"nm":"B_1: Path 1 [1.1.1]","np":3,"mn":"ADBE Layer Control","ix":2,"en":1,"ef":[{"ty":10,"nm":"Layer","mn":"ADBE Layer Control-0001","ix":1,"v":{"a":0,"k":11,"ix":1}}]},{"ty":5,"nm":"B_1: Path 1 [1.1.2]","np":3,"mn":"ADBE Layer Control","ix":3,"en":1,"ef":[{"ty":10,"nm":"Layer","mn":"ADBE Layer Control-0001","ix":1,"v":{"a":0,"k":23,"ix":1}}]}],"shapes":[{"ty":"gr","it":[{"ind":0,"ty":"sh","ix":1,"ks":{"a":0,"k":{"i":[[0,0],[0,0],[0,0]],"o":[[0,0],[0,0],[0,0]],"v":[[32.5,19],[-32.5,-19],[-32.5,19]],"c":true},"ix":2,"x":"var $bm_rt;\nvar nullLayerNames = [\n        'B_1: Path 1 [1.1.0]',\n        'B_1: Path 1 [1.1.1]',\n        'B_1: Path 1 [1.1.2]'\n    ];\nvar origPath = thisProperty;\nvar origPoints = origPath.points();\nvar origInTang = origPath.inTangents();\nvar origOutTang = origPath.outTangents();\nvar getNullLayers = [];\nfor (var i = 0, il = nullLayerNames.length; i < il; i++) {\n    try {\n        getNullLayers.push(effect(nullLayerNames[i])('ADBE Layer Control-0001'));\n    } catch (err) {\n        getNullLayers.push(null);\n    }\n}\nfor (var i = 0, il = getNullLayers.length; i < il; i++) {\n    if (getNullLayers[i] != null && getNullLayers[i].index != thisLayer.index) {\n        origPoints[i] = fromCompToSurface(getNullLayers[i].toComp(getNullLayers[i].anchorPoint));\n    }\n}\n$bm_rt = createPath(origPoints, origInTang, origOutTang, origPath.isClosed());"},"nm":"Path 1","mn":"ADBE Vector Shape - Group","hd":false},{"ty":"fl","c":{"a":1,"k":[{"i":{"x":[0.833],"y":[0.833]},"o":{"x":[0.167],"y":[0.167]},"t":50,"s":[0.364705890417,0.411764711142,0.827450990677,1]},{"i":{"x":[0.833],"y":[0.833]},"o":{"x":[0.167],"y":[0.167]},"t":65,"s":[0.286274522543,0.321568638086,0.643137276173,1]},{"i":{"x":[0.833],"y":[0.833]},"o":{"x":[0.167],"y":[0.167]},"t":177,"s":[0.286274522543,0.321568638086,0.643137276173,1]},{"t":192,"s":[0.364705890417,0.411764711142,0.827450990677,1]}],"ix":4},"o":{"a":0,"k":100,"ix":5},"r":1,"bm":0,"nm":"Fill 1","mn":"ADBE Vector Graphic - Fill","hd":false},{"ty":"tr","p":{"a":0,"k":[0,0],"ix":2},"a":{"a":0,"k":[0,0],"ix":1},"s":{"a":0,"k":[100,100],"ix":3},"r":{"a":0,"k":0,"ix":6},"o":{"a":0,"k":100,"ix":7},"sk":{"a":0,"k":0,"ix":4},"sa":{"a":0,"k":0,"ix":5},"nm":"Transform"}],"nm":"Group 1","np":2,"cix":2,"bm":0,"ix":1,"mn":"ADBE Vector Group","hd":false}],"ip":30,"op":202,"st":0,"bm":0},{"ddd":0,"ind":12,"ty":4,"nm":"B_2","sr":1,"ks":{"o":{"a":0,"k":100,"ix":11},"r":{"a":0,"k":0,"ix":10},"p":{"a":0,"k":[217.5,282,0],"ix":2,"l":2},"a":{"a":0,"k":[0,0,0],"ix":1,"l":2},"s":{"a":0,"k":[100,100,100],"ix":6,"l":2}},"ao":0,"ef":[{"ty":5,"nm":"B_2: Path 1 [1.1.0]","np":3,"mn":"ADBE Layer Control","ix":1,"en":1,"ef":[{"ty":10,"nm":"Layer","mn":"ADBE Layer Control-0001","ix":1,"v":{"a":0,"k":12,"ix":1}}]},{"ty":5,"nm":"B_2: Path 1 [1.1.1]","np":3,"mn":"ADBE Layer Control","ix":2,"en":1,"ef":[{"ty":10,"nm":"Layer","mn":"ADBE Layer Control-0001","ix":1,"v":{"a":0,"k":12,"ix":1}}]},{"ty":5,"nm":"B_2: Path 1 [1.1.2]","np":3,"mn":"ADBE Layer Control","ix":3,"en":1,"ef":[{"ty":10,"nm":"Layer","mn":"ADBE Layer Control-0001","ix":1,"v":{"a":0,"k":24,"ix":1}}]}],"shapes":[{"ty":"gr","it":[{"ind":0,"ty":"sh","ix":1,"ks":{"a":0,"k":{"i":[[0,0],[0,0],[0,0]],"o":[[0,0],[0,0],[0,0]],"v":[[-32.5,19],[32.5,-19],[32.5,19]],"c":true},"ix":2,"x":"var $bm_rt;\nvar nullLayerNames = [\n        'B_2: Path 1 [1.1.0]',\n        'B_2: Path 1 [1.1.1]',\n        'B_2: Path 1 [1.1.2]'\n    ];\nvar origPath = thisProperty;\nvar origPoints = origPath.points();\nvar origInTang = origPath.inTangents();\nvar origOutTang = origPath.outTangents();\nvar getNullLayers = [];\nfor (var i = 0, il = nullLayerNames.length; i < il; i++) {\n    try {\n        getNullLayers.push(effect(nullLayerNames[i])('ADBE Layer Control-0001'));\n    } catch (err) {\n        getNullLayers.push(null);\n    }\n}\nfor (var i = 0, il = getNullLayers.length; i < il; i++) {\n    if (getNullLayers[i] != null && getNullLayers[i].index != thisLayer.index) {\n        origPoints[i] = fromCompToSurface(getNullLayers[i].toComp(getNullLayers[i].anchorPoint));\n    }\n}\n$bm_rt = createPath(origPoints, origInTang, origOutTang, origPath.isClosed());"},"nm":"Path 1","mn":"ADBE Vector Shape - Group","hd":false},{"ty":"fl","c":{"a":0,"k":[0.364705890417,0.411764711142,0.827450990677,1],"ix":4},"o":{"a":0,"k":100,"ix":5},"r":1,"bm":0,"nm":"Fill 1","mn":"ADBE Vector Graphic - Fill","hd":false},{"ty":"tr","p":{"a":0,"k":[0,0],"ix":2},"a":{"a":0,"k":[0,0],"ix":1},"s":{"a":0,"k":[100,100],"ix":3},"r":{"a":0,"k":0,"ix":6},"o":{"a":0,"k":100,"ix":7},"sk":{"a":0,"k":0,"ix":4},"sa":{"a":0,"k":0,"ix":5},"nm":"Transform"}],"nm":"Group 1","np":2,"cix":2,"bm":0,"ix":1,"mn":"ADBE Vector Group","hd":false}],"ip":30,"op":202,"st":0,"bm":0},{"ddd":0,"ind":13,"ty":4,"nm":"B_bot","sr":1,"ks":{"o":{"a":0,"k":100,"ix":11},"r":{"a":0,"k":0,"ix":10},"p":{"a":0,"k":[250,301,0],"ix":2,"l":2},"a":{"a":0,"k":[0,0,0],"ix":1,"l":2},"s":{"a":1,"k":[{"i":{"x":[0.199,0.199,0.667],"y":[1,1,1]},"o":{"x":[0.137,0.137,0.333],"y":[0,0,0]},"t":20,"s":[0,0,100]},{"i":{"x":[0.667,0.667,0.667],"y":[1,1,1]},"o":{"x":[0.312,0.312,0.333],"y":[0,0,0]},"t":40,"s":[100,100,100]},{"i":{"x":[0.199,0.199,0.667],"y":[1,1,1]},"o":{"x":[0.137,0.137,0.333],"y":[0,0,0]},"t":202,"s":[100,100,100]},{"t":222,"s":[0,0,100]}],"ix":6,"l":2}},"ao":0,"shapes":[{"ty":"gr","it":[{"ind":0,"ty":"sh","ix":1,"ks":{"a":0,"k":{"i":[[0,0],[0,0],[0,0],[0,0]],"o":[[0,0],[0,0],[0,0],[0,0]],"v":[[65,0],[0,38],[-65,0],[0,-38]],"c":true},"ix":2},"nm":"Path 1","mn":"ADBE Vector Shape - Group","hd":false},{"ty":"fl","c":{"a":0,"k":[0.364705890417,0.411764740944,0.827451050282,1],"ix":4},"o":{"a":0,"k":100,"ix":5},"r":1,"bm":0,"nm":"Fill 1","mn":"ADBE Vector Graphic - Fill","hd":false},{"ty":"tr","p":{"a":0,"k":[0,0],"ix":2},"a":{"a":0,"k":[0,0],"ix":1},"s":{"a":0,"k":[100,100],"ix":3},"r":{"a":0,"k":0,"ix":6},"o":{"a":0,"k":100,"ix":7},"sk":{"a":0,"k":0,"ix":4},"sa":{"a":0,"k":0,"ix":5},"nm":"Transform"}],"nm":"Group 1","np":2,"cix":2,"bm":0,"ix":1,"mn":"ADBE Vector Group","hd":false}],"ip":20,"op":240,"st":0,"bm":0},{"ddd":0,"ind":14,"ty":4,"nm":"G_4","sr":1,"ks":{"o":{"a":0,"k":100,"ix":11},"r":{"a":0,"k":0,"ix":10},"p":{"a":0,"k":[282.5,282,0],"ix":2,"l":2},"a":{"a":0,"k":[0,0,0],"ix":1,"l":2},"s":{"a":0,"k":[100,100,100],"ix":6,"l":2}},"ao":0,"ef":[{"ty":5,"nm":"G_4: Path 1 [1.1.0]","np":3,"mn":"ADBE Layer Control","ix":1,"en":1,"ef":[{"ty":10,"nm":"Layer","mn":"ADBE Layer Control-0001","ix":1,"v":{"a":0,"k":14,"ix":1}}]},{"ty":5,"nm":"G_4: Path 1 [1.1.1]","np":3,"mn":"ADBE Layer Control","ix":2,"en":1,"ef":[{"ty":10,"nm":"Layer","mn":"ADBE Layer Control-0001","ix":1,"v":{"a":0,"k":14,"ix":1}}]},{"ty":5,"nm":"G_4: Path 1 [1.1.2]","np":3,"mn":"ADBE Layer Control","ix":3,"en":1,"ef":[{"ty":10,"nm":"Layer","mn":"ADBE Layer Control-0001","ix":1,"v":{"a":0,"k":22,"ix":1}}]}],"shapes":[{"ty":"gr","it":[{"ind":0,"ty":"sh","ix":1,"ks":{"a":0,"k":{"i":[[0,0],[0,0],[0,0]],"o":[[0,0],[0,0],[0,0]],"v":[[-32.5,-19],[32.5,19],[32.5,-19]],"c":true},"ix":2,"x":"var $bm_rt;\nvar nullLayerNames = [\n        'G_4: Path 1 [1.1.0]',\n        'G_4: Path 1 [1.1.1]',\n        'G_4: Path 1 [1.1.2]'\n    ];\nvar origPath = thisProperty;\nvar origPoints = origPath.points();\nvar origInTang = origPath.inTangents();\nvar origOutTang = origPath.outTangents();\nvar getNullLayers = [];\nfor (var i = 0, il = nullLayerNames.length; i < il; i++) {\n    try {\n        getNullLayers.push(effect(nullLayerNames[i])('ADBE Layer Control-0001'));\n    } catch (err) {\n        getNullLayers.push(null);\n    }\n}\nfor (var i = 0, il = getNullLayers.length; i < il; i++) {\n    if (getNullLayers[i] != null && getNullLayers[i].index != thisLayer.index) {\n        origPoints[i] = fromCompToSurface(getNullLayers[i].toComp(getNullLayers[i].anchorPoint));\n    }\n}\n$bm_rt = createPath(origPoints, origInTang, origOutTang, origPath.isClosed());"},"nm":"Path 1","mn":"ADBE Vector Shape - Group","hd":false},{"ty":"fl","c":{"a":1,"k":[{"i":{"x":[0.833],"y":[0.833]},"o":{"x":[0.167],"y":[0.167]},"t":70,"s":[0.003921568859,0.733333349228,0.337254911661,1]},{"i":{"x":[0.833],"y":[0.833]},"o":{"x":[0.167],"y":[0.167]},"t":90,"s":[0.003921568859,0.564705908298,0.262745112181,1]},{"i":{"x":[0.833],"y":[0.833]},"o":{"x":[0.167],"y":[0.167]},"t":163,"s":[0.003921568859,0.564705908298,0.262745112181,1]},{"t":183,"s":[0.003921568859,0.733333349228,0.337254911661,1]}],"ix":4},"o":{"a":0,"k":100,"ix":5},"r":1,"bm":0,"nm":"Fill 1","mn":"ADBE Vector Graphic - Fill","hd":false},{"ty":"tr","p":{"a":0,"k":[0,0],"ix":2},"a":{"a":0,"k":[0,0],"ix":1},"s":{"a":0,"k":[100,100],"ix":3},"r":{"a":0,"k":0,"ix":6},"o":{"a":0,"k":100,"ix":7},"sk":{"a":0,"k":0,"ix":4},"sa":{"a":0,"k":0,"ix":5},"nm":"Transform"}],"nm":"Group 1","np":2,"cix":2,"bm":0,"ix":1,"mn":"ADBE Vector Group","hd":false}],"ip":49,"op":193,"st":0,"bm":0},{"ddd":0,"ind":15,"ty":4,"nm":"G_3","sr":1,"ks":{"o":{"a":0,"k":100,"ix":11},"r":{"a":0,"k":0,"ix":10},"p":{"a":0,"k":[347.5,282,0],"ix":2,"l":2},"a":{"a":0,"k":[0,0,0],"ix":1,"l":2},"s":{"a":0,"k":[100,100,100],"ix":6,"l":2}},"ao":0,"ef":[{"ty":5,"nm":"G_3: Path 1 [1.1.0]","np":3,"mn":"ADBE Layer Control","ix":1,"en":1,"ef":[{"ty":10,"nm":"Layer","mn":"ADBE Layer Control-0001","ix":1,"v":{"a":0,"k":15,"ix":1}}]},{"ty":5,"nm":"G_3: Path 1 [1.1.1]","np":3,"mn":"ADBE Layer Control","ix":2,"en":1,"ef":[{"ty":10,"nm":"Layer","mn":"ADBE Layer Control-0001","ix":1,"v":{"a":0,"k":15,"ix":1}}]},{"ty":5,"nm":"G_3: Path 1 [1.1.2]","np":3,"mn":"ADBE Layer Control","ix":3,"en":1,"ef":[{"ty":10,"nm":"Layer","mn":"ADBE Layer Control-0001","ix":1,"v":{"a":0,"k":21,"ix":1}}]}],"shapes":[{"ty":"gr","it":[{"ind":0,"ty":"sh","ix":1,"ks":{"a":0,"k":{"i":[[0,0],[0,0],[0,0]],"o":[[0,0],[0,0],[0,0]],"v":[[32.5,-19],[-32.5,19],[-32.5,-19]],"c":true},"ix":2,"x":"var $bm_rt;\nvar nullLayerNames = [\n        'G_3: Path 1 [1.1.0]',\n        'G_3: Path 1 [1.1.1]',\n        'G_3: Path 1 [1.1.2]'\n    ];\nvar origPath = thisProperty;\nvar origPoints = origPath.points();\nvar origInTang = origPath.inTangents();\nvar origOutTang = origPath.outTangents();\nvar getNullLayers = [];\nfor (var i = 0, il = nullLayerNames.length; i < il; i++) {\n    try {\n        getNullLayers.push(effect(nullLayerNames[i])('ADBE Layer Control-0001'));\n    } catch (err) {\n        getNullLayers.push(null);\n    }\n}\nfor (var i = 0, il = getNullLayers.length; i < il; i++) {\n    if (getNullLayers[i] != null && getNullLayers[i].index != thisLayer.index) {\n        origPoints[i] = fromCompToSurface(getNullLayers[i].toComp(getNullLayers[i].anchorPoint));\n    }\n}\n$bm_rt = createPath(origPoints, origInTang, origOutTang, origPath.isClosed());"},"nm":"Path 1","mn":"ADBE Vector Shape - Group","hd":false},{"ty":"fl","c":{"a":0,"k":[0.003921568859,0.733333349228,0.337254911661,1],"ix":4},"o":{"a":0,"k":100,"ix":5},"r":1,"bm":0,"nm":"Fill 1","mn":"ADBE Vector Graphic - Fill","hd":false},{"ty":"tr","p":{"a":0,"k":[0,0],"ix":2},"a":{"a":0,"k":[0,0],"ix":1},"s":{"a":0,"k":[100,100],"ix":3},"r":{"a":0,"k":0,"ix":6},"o":{"a":0,"k":100,"ix":7},"sk":{"a":0,"k":0,"ix":4},"sa":{"a":0,"k":0,"ix":5},"nm":"Transform"}],"nm":"Group 1","np":2,"cix":2,"bm":0,"ix":1,"mn":"ADBE Vector Group","hd":false}],"ip":49,"op":193,"st":0,"bm":0},{"ddd":0,"ind":16,"ty":4,"nm":"G_1","sr":1,"ks":{"o":{"a":0,"k":100,"ix":11},"r":{"a":0,"k":0,"ix":10},"p":{"a":0,"k":[347.5,244,0],"ix":2,"l":2},"a":{"a":0,"k":[0,0,0],"ix":1,"l":2},"s":{"a":0,"k":[100,100,100],"ix":6,"l":2}},"ao":0,"ef":[{"ty":5,"nm":"G_1: Path 1 [1.1.0]","np":3,"mn":"ADBE Layer Control","ix":1,"en":1,"ef":[{"ty":10,"nm":"Layer","mn":"ADBE Layer Control-0001","ix":1,"v":{"a":0,"k":16,"ix":1}}]},{"ty":5,"nm":"G_1: Path 1 [1.1.1]","np":3,"mn":"ADBE Layer Control","ix":2,"en":1,"ef":[{"ty":10,"nm":"Layer","mn":"ADBE Layer Control-0001","ix":1,"v":{"a":0,"k":16,"ix":1}}]},{"ty":5,"nm":"G_1: Path 1 [1.1.2]","np":3,"mn":"ADBE Layer Control","ix":3,"en":1,"ef":[{"ty":10,"nm":"Layer","mn":"ADBE Layer Control-0001","ix":1,"v":{"a":0,"k":19,"ix":1}}]}],"shapes":[{"ty":"gr","it":[{"ind":0,"ty":"sh","ix":1,"ks":{"a":0,"k":{"i":[[0,0],[0,0],[0,0]],"o":[[0,0],[0,0],[0,0]],"v":[[32.5,19],[-32.5,-19],[-32.5,19]],"c":true},"ix":2,"x":"var $bm_rt;\nvar nullLayerNames = [\n        'G_1: Path 1 [1.1.0]',\n        'G_1: Path 1 [1.1.1]',\n        'G_1: Path 1 [1.1.2]'\n    ];\nvar origPath = thisProperty;\nvar origPoints = origPath.points();\nvar origInTang = origPath.inTangents();\nvar origOutTang = origPath.outTangents();\nvar getNullLayers = [];\nfor (var i = 0, il = nullLayerNames.length; i < il; i++) {\n    try {\n        getNullLayers.push(effect(nullLayerNames[i])('ADBE Layer Control-0001'));\n    } catch (err) {\n        getNullLayers.push(null);\n    }\n}\nfor (var i = 0, il = getNullLayers.length; i < il; i++) {\n    if (getNullLayers[i] != null && getNullLayers[i].index != thisLayer.index) {\n        origPoints[i] = fromCompToSurface(getNullLayers[i].toComp(getNullLayers[i].anchorPoint));\n    }\n}\n$bm_rt = createPath(origPoints, origInTang, origOutTang, origPath.isClosed());"},"nm":"Path 1","mn":"ADBE Vector Shape - Group","hd":false},{"ty":"fl","c":{"a":1,"k":[{"i":{"x":[0.833],"y":[0.833]},"o":{"x":[0.167],"y":[0.167]},"t":70,"s":[0.003921568859,0.733333349228,0.337254911661,1]},{"i":{"x":[0.833],"y":[0.833]},"o":{"x":[0.167],"y":[0.167]},"t":90,"s":[0.003921568859,0.564705908298,0.262745112181,1]},{"i":{"x":[0.833],"y":[0.833]},"o":{"x":[0.167],"y":[0.167]},"t":163,"s":[0.003921568859,0.564705908298,0.262745112181,1]},{"t":183,"s":[0.003921568859,0.733333349228,0.337254911661,1]}],"ix":4},"o":{"a":0,"k":100,"ix":5},"r":1,"bm":0,"nm":"Fill 1","mn":"ADBE Vector Graphic - Fill","hd":false},{"ty":"tr","p":{"a":0,"k":[0,0],"ix":2},"a":{"a":0,"k":[0,0],"ix":1},"s":{"a":0,"k":[100,100],"ix":3},"r":{"a":0,"k":0,"ix":6},"o":{"a":0,"k":100,"ix":7},"sk":{"a":0,"k":0,"ix":4},"sa":{"a":0,"k":0,"ix":5},"nm":"Transform"}],"nm":"Group 1","np":2,"cix":2,"bm":0,"ix":1,"mn":"ADBE Vector Group","hd":false}],"ip":49,"op":193,"st":0,"bm":0},{"ddd":0,"ind":17,"ty":4,"nm":"G_2","sr":1,"ks":{"o":{"a":0,"k":100,"ix":11},"r":{"a":0,"k":0,"ix":10},"p":{"a":0,"k":[282.5,244,0],"ix":2,"l":2},"a":{"a":0,"k":[0,0,0],"ix":1,"l":2},"s":{"a":0,"k":[100,100,100],"ix":6,"l":2}},"ao":0,"ef":[{"ty":5,"nm":"G_2: Path 1 [1.1.0]","np":3,"mn":"ADBE Layer Control","ix":1,"en":1,"ef":[{"ty":10,"nm":"Layer","mn":"ADBE Layer Control-0001","ix":1,"v":{"a":0,"k":17,"ix":1}}]},{"ty":5,"nm":"G_2: Path 1 [1.1.1]","np":3,"mn":"ADBE Layer Control","ix":2,"en":1,"ef":[{"ty":10,"nm":"Layer","mn":"ADBE Layer Control-0001","ix":1,"v":{"a":0,"k":17,"ix":1}}]},{"ty":5,"nm":"G_2: Path 1 [1.1.2]","np":3,"mn":"ADBE Layer Control","ix":3,"en":1,"ef":[{"ty":10,"nm":"Layer","mn":"ADBE Layer Control-0001","ix":1,"v":{"a":0,"k":20,"ix":1}}]}],"shapes":[{"ty":"gr","it":[{"ind":0,"ty":"sh","ix":1,"ks":{"a":0,"k":{"i":[[0,0],[0,0],[0,0]],"o":[[0,0],[0,0],[0,0]],"v":[[-32.5,19],[32.5,-19],[32.5,19]],"c":true},"ix":2,"x":"var $bm_rt;\nvar nullLayerNames = [\n        'G_2: Path 1 [1.1.0]',\n        'G_2: Path 1 [1.1.1]',\n        'G_2: Path 1 [1.1.2]'\n    ];\nvar origPath = thisProperty;\nvar origPoints = origPath.points();\nvar origInTang = origPath.inTangents();\nvar origOutTang = origPath.outTangents();\nvar getNullLayers = [];\nfor (var i = 0, il = nullLayerNames.length; i < il; i++) {\n    try {\n        getNullLayers.push(effect(nullLayerNames[i])('ADBE Layer Control-0001'));\n    } catch (err) {\n        getNullLayers.push(null);\n    }\n}\nfor (var i = 0, il = getNullLayers.length; i < il; i++) {\n    if (getNullLayers[i] != null && getNullLayers[i].index != thisLayer.index) {\n        origPoints[i] = fromCompToSurface(getNullLayers[i].toComp(getNullLayers[i].anchorPoint));\n    }\n}\n$bm_rt = createPath(origPoints, origInTang, origOutTang, origPath.isClosed());"},"nm":"Path 1","mn":"ADBE Vector Shape - Group","hd":false},{"ty":"fl","c":{"a":0,"k":[0.003921568859,0.733333349228,0.337254911661,1],"ix":4},"o":{"a":0,"k":100,"ix":5},"r":1,"bm":0,"nm":"Fill 1","mn":"ADBE Vector Graphic - Fill","hd":false},{"ty":"tr","p":{"a":0,"k":[0,0],"ix":2},"a":{"a":0,"k":[0,0],"ix":1},"s":{"a":0,"k":[100,100],"ix":3},"r":{"a":0,"k":0,"ix":6},"o":{"a":0,"k":100,"ix":7},"sk":{"a":0,"k":0,"ix":4},"sa":{"a":0,"k":0,"ix":5},"nm":"Transform"}],"nm":"Group 1","np":2,"cix":2,"bm":0,"ix":1,"mn":"ADBE Vector Group","hd":false}],"ip":49,"op":193,"st":0,"bm":0},{"ddd":0,"ind":18,"ty":4,"nm":"G_bot","sr":1,"ks":{"o":{"a":0,"k":100,"ix":11},"r":{"a":0,"k":0,"ix":10},"p":{"a":0,"k":[315,263,0],"ix":2,"l":2},"a":{"a":0,"k":[0,0,0],"ix":1,"l":2},"s":{"a":1,"k":[{"i":{"x":[0.199,0.199,0.667],"y":[1,1,1]},"o":{"x":[0.137,0.137,0.333],"y":[0,0,0]},"t":40,"s":[0,0,100]},{"i":{"x":[0.667,0.667,0.667],"y":[1,1,1]},"o":{"x":[0.312,0.312,0.333],"y":[0,0,0]},"t":60,"s":[100,100,100]},{"i":{"x":[0.199,0.199,0.667],"y":[1,1,1]},"o":{"x":[0.137,0.137,0.333],"y":[0,0,0]},"t":193,"s":[100,100,100]},{"t":213,"s":[0,0,100]}],"ix":6,"l":2}},"ao":0,"shapes":[{"ty":"gr","it":[{"ind":0,"ty":"sh","ix":1,"ks":{"a":0,"k":{"i":[[0,0],[0,0],[0,0],[0,0]],"o":[[0,0],[0,0],[0,0],[0,0]],"v":[[65,0],[0,38],[-65,0],[0,-38]],"c":true},"ix":2},"nm":"Path 1","mn":"ADBE Vector Shape - Group","hd":false},{"ty":"fl","c":{"a":0,"k":[0.003921568859,0.733333349228,0.337254911661,1],"ix":4},"o":{"a":0,"k":100,"ix":5},"r":1,"bm":0,"nm":"Fill 1","mn":"ADBE Vector Graphic - Fill","hd":false},{"ty":"tr","p":{"a":0,"k":[0,0],"ix":2},"a":{"a":0,"k":[0,0],"ix":1},"s":{"a":0,"k":[100,100],"ix":3},"r":{"a":0,"k":0,"ix":6},"o":{"a":0,"k":100,"ix":7},"sk":{"a":0,"k":0,"ix":4},"sa":{"a":0,"k":0,"ix":5},"nm":"Transform"}],"nm":"Group 1","np":2,"cix":2,"bm":0,"ix":1,"mn":"ADBE Vector Group","hd":false}],"ip":40,"op":240,"st":0,"bm":0},{"ddd":0,"ind":19,"ty":3,"nm":"G_1: Path 1 [1.1.2]","cl":"1 2","parent":1,"sr":1,"ks":{"o":{"a":0,"k":0,"ix":11},"r":{"a":0,"k":0,"ix":10},"p":{"a":0,"k":[50,50.25,0],"ix":2,"l":2},"a":{"a":0,"k":[0,0,0],"ix":1,"l":2},"s":{"a":0,"k":[200,200,100],"ix":6,"l":2}},"ao":0,"ip":0,"op":240,"st":0,"bm":0},{"ddd":0,"ind":20,"ty":3,"nm":"G_2: Path 1 [1.1.2]","cl":"1 2","parent":1,"sr":1,"ks":{"o":{"a":0,"k":0,"ix":11},"r":{"a":0,"k":0,"ix":10},"p":{"a":0,"k":[50,50.25,0],"ix":2,"l":2},"a":{"a":0,"k":[0,0,0],"ix":1,"l":2},"s":{"a":0,"k":[200,200,100],"ix":6,"l":2}},"ao":0,"ip":0,"op":240,"st":0,"bm":0},{"ddd":0,"ind":21,"ty":3,"nm":"G_3: Path 1 [1.1.2]","cl":"1 2","parent":1,"sr":1,"ks":{"o":{"a":0,"k":0,"ix":11},"r":{"a":0,"k":0,"ix":10},"p":{"a":0,"k":[50,50.25,0],"ix":2,"l":2},"a":{"a":0,"k":[0,0,0],"ix":1,"l":2},"s":{"a":0,"k":[200,200,100],"ix":6,"l":2}},"ao":0,"ip":0,"op":240,"st":0,"bm":0},{"ddd":0,"ind":22,"ty":3,"nm":"G_4: Path 1 [1.1.2]","cl":"1 2","parent":1,"sr":1,"ks":{"o":{"a":0,"k":0,"ix":11},"r":{"a":0,"k":0,"ix":10},"p":{"a":0,"k":[50,50.25,0],"ix":2,"l":2},"a":{"a":0,"k":[0,0,0],"ix":1,"l":2},"s":{"a":0,"k":[200,200,100],"ix":6,"l":2}},"ao":0,"ip":0,"op":240,"st":0,"bm":0},{"ddd":0,"ind":23,"ty":3,"nm":"B_1: Path 1 [1.1.2]","cl":"1 2","parent":2,"sr":1,"ks":{"o":{"a":0,"k":0,"ix":11},"r":{"a":0,"k":0,"ix":10},"p":{"a":0,"k":[50,50,0],"ix":2,"l":2},"a":{"a":0,"k":[0,0,0],"ix":1,"l":2},"s":{"a":0,"k":[200,200,100],"ix":6,"l":2}},"ao":0,"ip":0,"op":240,"st":0,"bm":0},{"ddd":0,"ind":24,"ty":3,"nm":"B_2: Path 1 [1.1.2]","cl":"1 2","parent":2,"sr":1,"ks":{"o":{"a":0,"k":0,"ix":11},"r":{"a":0,"k":0,"ix":10},"p":{"a":0,"k":[50,50,0],"ix":2,"l":2},"a":{"a":0,"k":[0,0,0],"ix":1,"l":2},"s":{"a":0,"k":[200,200,100],"ix":6,"l":2}},"ao":0,"ip":0,"op":240,"st":0,"bm":0},{"ddd":0,"ind":25,"ty":3,"nm":"B_3: Path 1 [1.1.2]","cl":"1 2","parent":2,"sr":1,"ks":{"o":{"a":0,"k":0,"ix":11},"r":{"a":0,"k":0,"ix":10},"p":{"a":0,"k":[50,50,0],"ix":2,"l":2},"a":{"a":0,"k":[0,0,0],"ix":1,"l":2},"s":{"a":0,"k":[200,200,100],"ix":6,"l":2}},"ao":0,"ip":0,"op":240,"st":0,"bm":0},{"ddd":0,"ind":26,"ty":3,"nm":"B_4: Path 1 [1.1.2]","cl":"1 2","parent":2,"sr":1,"ks":{"o":{"a":0,"k":0,"ix":11},"r":{"a":0,"k":0,"ix":10},"p":{"a":0,"k":[50,50,0],"ix":2,"l":2},"a":{"a":0,"k":[0,0,0],"ix":1,"l":2},"s":{"a":0,"k":[200,200,100],"ix":6,"l":2}},"ao":0,"ip":0,"op":240,"st":0,"bm":0},{"ddd":0,"ind":27,"ty":3,"nm":"R_01: Path 1 [1.1.2]","cl":"1 2","parent":3,"sr":1,"ks":{"o":{"a":0,"k":0,"ix":11},"r":{"a":0,"k":0,"ix":10},"p":{"a":0,"k":[50,50,0],"ix":2,"l":2},"a":{"a":0,"k":[0,0,0],"ix":1,"l":2},"s":{"a":0,"k":[200,200,100],"ix":6,"l":2}},"ao":0,"ip":0,"op":240,"st":0,"bm":0},{"ddd":0,"ind":28,"ty":3,"nm":"R_02: Path 1 [1.1.2]","cl":"1 2","parent":3,"sr":1,"ks":{"o":{"a":0,"k":0,"ix":11},"r":{"a":0,"k":0,"ix":10},"p":{"a":0,"k":[50,50,0],"ix":2,"l":2},"a":{"a":0,"k":[0,0,0],"ix":1,"l":2},"s":{"a":0,"k":[200,200,100],"ix":6,"l":2}},"ao":0,"ip":0,"op":240,"st":0,"bm":0},{"ddd":0,"ind":29,"ty":3,"nm":"R_03: Path 1 [1.1.2]","cl":"1 2","parent":3,"sr":1,"ks":{"o":{"a":0,"k":0,"ix":11},"r":{"a":0,"k":0,"ix":10},"p":{"a":0,"k":[50,50,0],"ix":2,"l":2},"a":{"a":0,"k":[0,0,0],"ix":1,"l":2},"s":{"a":0,"k":[200,200,100],"ix":6,"l":2}},"ao":0,"ip":0,"op":240,"st":0,"bm":0},{"ddd":0,"ind":30,"ty":3,"nm":"R_04: Path 1 [1.1.2]","cl":"1 2","parent":3,"sr":1,"ks":{"o":{"a":0,"k":0,"ix":11},"r":{"a":0,"k":0,"ix":10},"p":{"a":0,"k":[50,50,0],"ix":2,"l":2},"a":{"a":0,"k":[0,0,0],"ix":1,"l":2},"s":{"a":0,"k":[200,200,100],"ix":6,"l":2}},"ao":0,"ip":0,"op":240,"st":0,"bm":0}],"markers":[{"tm":60,"cm":"1","dr":0},{"tm":70,"cm":"2","dr":0},{"tm":80,"cm":"3","dr":0},{"tm":183,"cm":"4","dr":0},{"tm":192,"cm":"5","dr":0},{"tm":203,"cm":"6","dr":0}]}